INSERT INTO patients (id, doctor_id, full_name, birth_date, snils, insurance_policy, diagnosis_code, diagnosis_text, operation_type, status, access_code, operation_date, notes) VALUES
('b0000000-0000-0000-0000-000000000001', 'a0000000-0000-0000-0000-000000000001', 'Петрова Мария Ивановна', '1952-03-15', '123-456-789 01', '1234567890123456', 'H25.1', 'Старческая ядерная катаракта правого глаза', 'Факоэмульсификация', 'green', '12345678', '2026-03-15', 'Пациентка готова к операции'),
('b0000000-0000-0000-0000-000000000002', 'a0000000-0000-0000-0000-000000000001', 'Сидоров Алексей Павлович', '1948-07-22', '987-654-321 09', '9876543210987654', 'H25.0', 'Начальная старческая катаракта левого глаза', 'Факоэмульсификация', 'yellow', '23456789', NULL, 'Ждем результаты ЭКГ'),
('b0000000-0000-0000-0000-000000000003', 'a0000000-0000-0000-0000-000000000001', 'Козлова Нина Федоровна', '1955-11-08', '456-789-123 05', '4567891234567890', 'H40.1', 'Первичная открытоугольная глаукома, правый глаз', 'Антиглаукоматозная операция', 'red', '34567890', NULL, NULL),
('b0000000-0000-0000-0000-000000000004', 'a0000000-0000-0000-0000-000000000001', 'Волков Геннадий Степанович', '1960-01-30', '321-654-987 03', '3216549870321654', 'H25.2', 'Старческая катаракта, морганиева', 'Факоэмульсификация', 'yellow', '45678901', NULL, 'Высокий сахар, направлен к эндокринологу'),
('b0000000-0000-0000-0000-000000000005', 'a0000000-0000-0000-0000-000000000001', 'Морозова Валентина Сергеевна', '1945-09-12', '654-321-987 07', '6543219876543210', 'H25.1', 'Старческая ядерная катаракта обоих глаз', 'Факоэмульсификация', 'red', '56789012', NULL, NULL);

UPDATE patients SET surgeon_id = 'a0000000-0000-0000-0000-000000000002' WHERE id = 'b0000000-0000-0000-0000-000000000001';

INSERT INTO checklist_items (patient_id, title, item_type, is_completed, completed_at, sort_order) VALUES
('b0000000-0000-0000-0000-000000000001', 'Анализ крови (глюкоза, гемоглобин)', 'file_upload', true, NOW() - INTERVAL '10 days', 0),
('b0000000-0000-0000-0000-000000000001', 'ЭКГ (расшифровка)', 'file_upload', true, NOW() - INTERVAL '9 days', 1),
('b0000000-0000-0000-0000-000000000001', 'Флюорография', 'file_upload', true, NOW() - INTERVAL '8 days', 2),
('b0000000-0000-0000-0000-000000000001', 'Осмотр терапевта', 'file_upload', true, NOW() - INTERVAL '7 days', 3),
('b0000000-0000-0000-0000-000000000001', 'Бакпосев из конъюнктивальной полости', 'file_upload', true, NOW() - INTERVAL '6 days', 4),
('b0000000-0000-0000-0000-000000000001', 'Расчет ИОЛ', 'calculator', true, NOW() - INTERVAL '5 days', 5);

INSERT INTO checklist_items (patient_id, title, item_type, is_completed, completed_at, sort_order) VALUES
('b0000000-0000-0000-0000-000000000002', 'Анализ крови (глюкоза, гемоглобин)', 'file_upload', true, NOW() - INTERVAL '3 days', 0),
('b0000000-0000-0000-0000-000000000002', 'ЭКГ (расшифровка)', 'file_upload', false, NULL, 1),
('b0000000-0000-0000-0000-000000000002', 'Флюорография', 'file_upload', true, NOW() - INTERVAL '2 days', 2),
('b0000000-0000-0000-0000-000000000002', 'Осмотр терапевта', 'file_upload', false, NULL, 3),
('b0000000-0000-0000-0000-000000000002', 'Бакпосев из конъюнктивальной полости', 'file_upload', false, NULL, 4),
('b0000000-0000-0000-0000-000000000002', 'Расчет ИОЛ', 'calculator', false, NULL, 5);

INSERT INTO checklist_items (patient_id, title, item_type, is_completed, sort_order) VALUES
('b0000000-0000-0000-0000-000000000003', 'Анализ крови (глюкоза, гемоглобин)', 'file_upload', false, 0),
('b0000000-0000-0000-0000-000000000003', 'ЭКГ (расшифровка)', 'file_upload', false, 1),
('b0000000-0000-0000-0000-000000000003', 'Флюорография', 'file_upload', false, 2),
('b0000000-0000-0000-0000-000000000003', 'Осмотр терапевта', 'file_upload', false, 3),
('b0000000-0000-0000-0000-000000000003', 'Бакпосев из конъюнктивальной полости', 'file_upload', false, 4),
('b0000000-0000-0000-0000-000000000003', 'Измерение ВГД (тонометрия)', 'file_upload', false, 5),
('b0000000-0000-0000-0000-000000000003', 'Поля зрения (периметрия)', 'file_upload', false, 6);

INSERT INTO checklist_items (patient_id, title, item_type, is_completed, completed_at, sort_order) VALUES
('b0000000-0000-0000-0000-000000000004', 'Анализ крови (глюкоза, гемоглобин)', 'file_upload', true, NOW() - INTERVAL '5 days', 0),
('b0000000-0000-0000-0000-000000000004', 'ЭКГ (расшифровка)', 'file_upload', true, NOW() - INTERVAL '4 days', 1),
('b0000000-0000-0000-0000-000000000004', 'Флюорография', 'file_upload', true, NOW() - INTERVAL '3 days', 2),
('b0000000-0000-0000-0000-000000000004', 'Осмотр терапевта', 'file_upload', true, NOW() - INTERVAL '2 days', 3),
('b0000000-0000-0000-0000-000000000004', 'Бакпосев из конъюнктивальной полости', 'file_upload', false, NULL, 4),
('b0000000-0000-0000-0000-000000000004', 'Расчет ИОЛ', 'calculator', false, NULL, 5);

INSERT INTO checklist_items (patient_id, title, item_type, is_completed, sort_order) VALUES
('b0000000-0000-0000-0000-000000000005', 'Анализ крови (глюкоза, гемоглобин)', 'file_upload', false, 0),
('b0000000-0000-0000-0000-000000000005', 'ЭКГ (расшифровка)', 'file_upload', false, 1),
('b0000000-0000-0000-0000-000000000005', 'Флюорография', 'file_upload', false, 2),
('b0000000-0000-0000-0000-000000000005', 'Осмотр терапевта', 'file_upload', false, 3),
('b0000000-0000-0000-0000-000000000005', 'Бакпосев из конъюнктивальной полости', 'file_upload', false, 4),
('b0000000-0000-0000-0000-000000000005', 'Расчет ИОЛ', 'calculator', false, 5);

INSERT INTO iol_calculations (patient_id, eye, k1, k2, axial_length, acd, target_refraction, formula, recommended_iol) VALUES
('b0000000-0000-0000-0000-000000000001', 'right', 43.5, 44.0, 23.5, 3.2, 0.0, 'srk_t', 21.5);

INSERT INTO comments (patient_id, author_id, content, created_at) VALUES
('b0000000-0000-0000-0000-000000000001', 'a0000000-0000-0000-0000-000000000002', 'Все анализы в норме, пациентка готова к операции. Линза подобрана верно.', NOW() - INTERVAL '3 days'),
('b0000000-0000-0000-0000-000000000004', 'a0000000-0000-0000-0000-000000000002', 'Уровень глюкозы 8.5 ммоль/л — необходима консультация эндокринолога перед операцией. Скорректировать сахар до 6.5.', NOW() - INTERVAL '1 day');
